"OBJECTID","ID_0","ISO","NAME_0","ID_1","NAME_1","ID_2","NAME_2","ID_3","NAME_3","TYPE_3","ENGTYPE_3","NL_NAME_3","VARNAME_3"
1,229,"TLS","Timor-Leste",1,"Aileu",1,"Aileu",1,"Aisirimau","Suco","Community",NA,"Asirimou"
2,229,"TLS","Timor-Leste",1,"Aileu",1,"Aileu",2,"Ban-Dudato","Suco","Community",NA,"Band|Bandato"
3,229,"TLS","Timor-Leste",1,"Aileu",1,"Aileu",3,"Besilau","Suco","Community",NA,"Sukuliurai"
4,229,"TLS","Timor-Leste",1,"Aileu",1,"Aileu",4,"Fahiria","Suco","Community",NA,NA
5,229,"TLS","Timor-Leste",1,"Aileu",1,"Aileu",5,"Fatu Bessi","Suco","Community",NA,"Fatubosa"
6,229,"TLS","Timor-Leste",1,"Aileu",1,"Aileu",6,"Fatu Bossa","Suco","Community",NA,"Fatubosa"
7,229,"TLS","Timor-Leste",1,"Aileu",1,"Aileu",7,"Hoholau","Suco","Community",NA,NA
8,229,"TLS","Timor-Leste",1,"Aileu",1,"Aileu",8,"Hohulo","Suco","Community",NA,"Sukuliurai"
9,229,"TLS","Timor-Leste",1,"Aileu",1,"Aileu",9,"Hurairaco","Suco","Community",NA,"Lau-Si"
10,229,"TLS","Timor-Leste",1,"Aileu",1,"Aileu",10,"Laclo","Suco","Community",NA,"Sukuliurai"
11,229,"TLS","Timor-Leste",1,"Aileu",1,"Aileu",11,"Lahae","Suco","Community",NA,NA
12,229,"TLS","Timor-Leste",1,"Aileu",1,"Aileu",12,"Lausi","Suco","Community",NA,"Lau-Si"
13,229,"TLS","Timor-Leste",1,"Aileu",1,"Aileu",13,"Liquetura","Suco","Community",NA,"Lau-Si"
14,229,"TLS","Timor-Leste",1,"Aileu",1,"Aileu",14,"Saboria","Suco","Community",NA,NA
15,229,"TLS","Timor-Leste",1,"Aileu",1,"Aileu",15,"Sarin","Suco","Community",NA,"Sukuliurai"
16,229,"TLS","Timor-Leste",1,"Aileu",1,"Aileu",16,"Seloi","Suco","Community",NA,NA
17,229,"TLS","Timor-Leste",1,"Aileu",1,"Aileu",17,"Suku Liurai","Suco","Community",NA,"Sukuliurai"
18,229,"TLS","Timor-Leste",1,"Aileu",2,"Lau Lara",18,"Bocolelo","Suco","Community",NA,"Fatisi"
19,229,"TLS","Timor-Leste",1,"Aileu",2,"Lau Lara",19,"Fatisi","Suco","Community",NA,NA
20,229,"TLS","Timor-Leste",1,"Aileu",2,"Lau Lara",20,"Fucuculao","Suco","Community",NA,"Tuhumeta"
21,229,"TLS","Timor-Leste",1,"Aileu",2,"Lau Lara",21,"Kotolau","Suco","Community",NA,"Koto Lau"
22,229,"TLS","Timor-Leste",1,"Aileu",2,"Lau Lara",22,"Mada Beno","Suco","Community",NA,"Madabeno"
23,229,"TLS","Timor-Leste",1,"Aileu",2,"Lau Lara",23,"Maneluma","Suco","Community",NA,"Madabeno"
24,229,"TLS","Timor-Leste",1,"Aileu",2,"Lau Lara",24,"Seloi Craik","Suco","Community",NA,"Seloi Craic"
25,229,"TLS","Timor-Leste",1,"Aileu",2,"Lau Lara",25,"Talitu","Suco","Community",NA,NA
26,229,"TLS","Timor-Leste",1,"Aileu",2,"Lau Lara",26,"Tohumeta","Suco","Community",NA,"Tuhumeta"
27,229,"TLS","Timor-Leste",1,"Aileu",3,"Lequidoe",27,"Acobilitoho","Suco","Community",NA,"Asu Bili Toho"
28,229,"TLS","Timor-Leste",1,"Aileu",3,"Lequidoe",28,"Berelau","Suco","Community",NA,"Bereleu"
29,229,"TLS","Timor-Leste",1,"Aileu",3,"Lequidoe",29,"Betulau","Suco","Community",NA,"Betu Lau"
30,229,"TLS","Timor-Leste",1,"Aileu",3,"Lequidoe",30,"Fahisoi","Suco","Community",NA,"Fahi Soi"
31,229,"TLS","Timor-Leste",1,"Aileu",3,"Lequidoe",31,"Hautrilau","Suco","Community",NA,"Hau Trilau"
32,229,"TLS","Timor-Leste",1,"Aileu",3,"Lequidoe",32,"Manukasa","Suco","Community",NA,"Manu Cassa"
33,229,"TLS","Timor-Leste",1,"Aileu",3,"Lequidoe",33,"Namoleso","Suco","Community",NA,NA
34,229,"TLS","Timor-Leste",1,"Aileu",4,"Remexio",34,"Acumanu","Suco","Community",NA,"Acu Mau"
35,229,"TLS","Timor-Leste",1,"Aileu",4,"Remexio",35,"Aicurus","Suco","Community",NA,"Faturasa"
36,229,"TLS","Timor-Leste",1,"Aileu",4,"Remexio",36,"Fadabloko","Suco","Community",NA,"Fada Bloko"
37,229,"TLS","Timor-Leste",1,"Aileu",4,"Remexio",37,"Fahisoi","Suco","Community",NA,"Fahi Soi"
38,229,"TLS","Timor-Leste",1,"Aileu",4,"Remexio",38,"Fatu Rasa","Suco","Community",NA,"Faturasa"
39,229,"TLS","Timor-Leste",1,"Aileu",4,"Remexio",39,"Hautoho","Suco","Community",NA,"Hau Toho"
40,229,"TLS","Timor-Leste",1,"Aileu",4,"Remexio",40,"Maumeta","Suco","Community",NA,"Mau Meta"
41,229,"TLS","Timor-Leste",1,"Aileu",4,"Remexio",41,"Reileu","Suco","Community",NA,"Faturasa"
42,229,"TLS","Timor-Leste",1,"Aileu",4,"Remexio",42,"Suku Liurai","Suco","Community",NA,"Sukuliurai"
43,229,"TLS","Timor-Leste",1,"Aileu",4,"Remexio",43,"Tulatakeu","Suco","Community",NA,"Tula Takeu"
44,229,"TLS","Timor-Leste",2,"Ainaro",5,"Ainaro",44,"Ainaro","Suco","Community",NA,NA
45,229,"TLS","Timor-Leste",2,"Ainaro",5,"Ainaro",45,"Kassa","Suco","Community",NA,"Cassa"
46,229,"TLS","Timor-Leste",2,"Ainaro",5,"Ainaro",46,"Manutasi","Suco","Community",NA,NA
47,229,"TLS","Timor-Leste",2,"Ainaro",5,"Ainaro",47,"Mau-Lo","Suco","Community",NA,"Mau Ulo"
48,229,"TLS","Timor-Leste",2,"Ainaro",5,"Ainaro",48,"Mau-Nuno","Suco","Community",NA,"Mau Nuno"
49,229,"TLS","Timor-Leste",2,"Ainaro",5,"Ainaro",49,"Soro","Suco","Community",NA,NA
50,229,"TLS","Timor-Leste",2,"Ainaro",5,"Ainaro",50,"Suro Craik","Suco","Community",NA,"Soro Craic"
51,229,"TLS","Timor-Leste",2,"Ainaro",6,"Hato Builico",51,"Mausiga","Suco","Community",NA,"Mauxiga"
52,229,"TLS","Timor-Leste",2,"Ainaro",6,"Hato Builico",52,"Mulo","Suco","Community",NA,NA
53,229,"TLS","Timor-Leste",2,"Ainaro",6,"Hato Builico",53,"Nonumogue","Suco","Community",NA,"Nuno Moge"
54,229,"TLS","Timor-Leste",2,"Ainaro",7,"Hato Hudo",54,"Beikala","Suco","Community",NA,NA
55,229,"TLS","Timor-Leste",2,"Ainaro",7,"Hato Hudo",55,"Leolima","Suco","Community",NA,NA
56,229,"TLS","Timor-Leste",2,"Ainaro",8,"Maubisse",56,"Aitutu","Suco","Community",NA,"Aituto"
57,229,"TLS","Timor-Leste",2,"Ainaro",8,"Maubisse",57,"Edi","Suco","Community",NA,NA
58,229,"TLS","Timor-Leste",2,"Ainaro",8,"Maubisse",58,"Fatubesi","Suco","Community",NA,"Fatubesse"
59,229,"TLS","Timor-Leste",2,"Ainaro",8,"Maubisse",59,"Horaequic","Suco","Community",NA,"Horai Kiik"
60,229,"TLS","Timor-Leste",2,"Ainaro",8,"Maubisse",60,"Liurai","Suco","Community",NA,NA
61,229,"TLS","Timor-Leste",2,"Ainaro",8,"Maubisse",61,"Manelobas","Suco","Community",NA,"Maneloba"
62,229,"TLS","Timor-Leste",2,"Ainaro",8,"Maubisse",62,"Manetu","Suco","Community",NA,NA
63,229,"TLS","Timor-Leste",2,"Ainaro",8,"Maubisse",63,"Maubisse","Suco","Community",NA,NA
64,229,"TLS","Timor-Leste",2,"Ainaro",8,"Maubisse",64,"Maulau","Suco","Community",NA,NA
65,229,"TLS","Timor-Leste",3,"Ambeno",9,"Nitibe",65,"Banafi","Suco","Community",NA,NA
66,229,"TLS","Timor-Leste",3,"Ambeno",9,"Nitibe",66,"Bene-Ufe","Suco","Community",NA,"Bene Ufe"
67,229,"TLS","Timor-Leste",3,"Ambeno",9,"Nitibe",67,"Hau Ufe","Suco","Community",NA,"Lela-Ufe"
68,229,"TLS","Timor-Leste",3,"Ambeno",9,"Nitibe",68,"Lela Ufe","Suco","Community",NA,"Lela-Ufe"
69,229,"TLS","Timor-Leste",3,"Ambeno",9,"Nitibe",69,"Suni-Ufe","Suco","Community",NA,"Suni Ufe"
70,229,"TLS","Timor-Leste",3,"Ambeno",9,"Nitibe",70,"Ussitaco","Suco","Community",NA,"Use Taku"
71,229,"TLS","Timor-Leste",3,"Ambeno",10,"Oe Silo",71,"Bobomanat","Suco","Community",NA,"Bobometo"
72,229,"TLS","Timor-Leste",3,"Ambeno",10,"Oe Silo",72,"Bobometo","Suco","Community",NA,NA
73,229,"TLS","Timor-Leste",3,"Ambeno",10,"Oe Silo",73,"Usi Taqueno","Suco","Community",NA,"Usi Takeno"
74,229,"TLS","Timor-Leste",3,"Ambeno",10,"Oe Silo",74,"Ussitasae","Suco","Community",NA,"Usi Tasae"
75,229,"TLS","Timor-Leste",3,"Ambeno",11,"Pante Macassar",75,"Bobocasa","Suco","Community",NA,"Bobocasse"
76,229,"TLS","Timor-Leste",3,"Ambeno",11,"Pante Macassar",76,"Costa","Suco","Community",NA,NA
77,229,"TLS","Timor-Leste",3,"Ambeno",11,"Pante Macassar",77,"Cunha","Suco","Community",NA,NA
78,229,"TLS","Timor-Leste",3,"Ambeno",11,"Pante Macassar",78,"Kuetete","Suco","Community",NA,"Costa"
79,229,"TLS","Timor-Leste",3,"Ambeno",11,"Pante Macassar",79,"Lalisuk","Suco","Community",NA,NA
80,229,"TLS","Timor-Leste",3,"Ambeno",11,"Pante Macassar",80,"Lifau","Suco","Community",NA,NA
81,229,"TLS","Timor-Leste",3,"Ambeno",11,"Pante Macassar",81,"Monemeco","Suco","Community",NA,"Costa"
82,229,"TLS","Timor-Leste",3,"Ambeno",11,"Pante Macassar",82,"Naimeco","Suco","Community",NA,"Nai Meco"
83,229,"TLS","Timor-Leste",3,"Ambeno",11,"Pante Macassar",83,"Nipane","Suco","Community",NA,NA
84,229,"TLS","Timor-Leste",3,"Ambeno",11,"Pante Macassar",84,"Taiboco II","Suco","Community",NA,"Taiboco"
85,229,"TLS","Timor-Leste",3,"Ambeno",11,"Pante Macassar",85,"Taiboco I","Suco","Community",NA,"Taiboco"
86,229,"TLS","Timor-Leste",3,"Ambeno",11,"Pante Macassar",86,"Tibal Pah","Suco","Community",NA,"Costa"
87,229,"TLS","Timor-Leste",3,"Ambeno",12,"Passabe",87,"Abani","Suco","Community",NA,NA
88,229,"TLS","Timor-Leste",3,"Ambeno",12,"Passabe",88,"Haemnanu","Suco","Community",NA,"Abani"
89,229,"TLS","Timor-Leste",3,"Ambeno",12,"Passabe",89,"Malelat","Suco","Community",NA,NA
90,229,"TLS","Timor-Leste",4,"Baucau",13,"Baguia",90,"Afaloicai","Suco","Community",NA,"Afaloikai"
91,229,"TLS","Timor-Leste",4,"Baucau",13,"Baguia",91,"Alaua Atas","Suco","Community",NA,"Alawa Leten"
92,229,"TLS","Timor-Leste",4,"Baucau",13,"Baguia",92,"Alawa Afaguia","Suco","Community",NA,"Alaua Bawah"
93,229,"TLS","Timor-Leste",4,"Baucau",13,"Baguia",93,"Alawa Craic I","Suco","Community",NA,"Alaua Bawah"
94,229,"TLS","Timor-Leste",4,"Baucau",13,"Baguia",94,"Devauasi","Suco","Community",NA,"Defa Uassi"
95,229,"TLS","Timor-Leste",4,"Baucau",13,"Baguia",95,"Haeconi","Suco","Community",NA,NA
96,229,"TLS","Timor-Leste",4,"Baucau",13,"Baguia",96,"Larisula","Suco","Community",NA,"Lari Sula"
97,229,"TLS","Timor-Leste",4,"Baucau",13,"Baguia",97,"Lavateri","Suco","Community",NA,"Lava Teri"
98,229,"TLS","Timor-Leste",4,"Baucau",13,"Baguia",98,"Ossuhuna","Suco","Community",NA,"Osso Huna"
99,229,"TLS","Timor-Leste",4,"Baucau",13,"Baguia",99,"Samalari","Suco","Community",NA,NA
100,229,"TLS","Timor-Leste",4,"Baucau",13,"Baguia",100,"Uaikala","Suco","Community",NA,"Vakala"
101,229,"TLS","Timor-Leste",4,"Baucau",14,"Baucau",101,"Bahu","Suco","Community",NA,NA
102,229,"TLS","Timor-Leste",4,"Baucau",14,"Baucau",102,"Bucoli","Suco","Community",NA,NA
103,229,"TLS","Timor-Leste",4,"Baucau",14,"Baucau",103,"Buibau","Suco","Community",NA,NA
104,229,"TLS","Timor-Leste",4,"Baucau",14,"Baucau",104,"Buruma","Suco","Community",NA,NA
105,229,"TLS","Timor-Leste",4,"Baucau",14,"Baucau",105,"Caibada Macasae","Suco","Community",NA,"Caibada"
106,229,"TLS","Timor-Leste",4,"Baucau",14,"Baucau",106,"Caibada Uaimua","Suco","Community",NA,"Caibada"
107,229,"TLS","Timor-Leste",4,"Baucau",14,"Baucau",107,"Caicido","Suco","Community",NA,NA
108,229,"TLS","Timor-Leste",4,"Baucau",14,"Baucau",108,"Gariuai","Suco","Community",NA,NA
109,229,"TLS","Timor-Leste",4,"Baucau",14,"Baucau",109,"Samalari","Suco","Community",NA,NA
110,229,"TLS","Timor-Leste",4,"Baucau",14,"Baucau",110,"Seixal","Suco","Community",NA,"Ceisal"
111,229,"TLS","Timor-Leste",4,"Baucau",14,"Baucau",111,"Tirilolo","Suco","Community",NA,"Tiri Lolo"
112,229,"TLS","Timor-Leste",4,"Baucau",14,"Baucau",112,"Triloka","Suco","Community",NA,NA
113,229,"TLS","Timor-Leste",4,"Baucau",14,"Baucau",113,"Uailili","Suco","Community",NA,"Wailili"
114,229,"TLS","Timor-Leste",4,"Baucau",15,"Laga",114,"Atelari","Suco","Community",NA,NA
115,229,"TLS","Timor-Leste",4,"Baucau",15,"Laga",115,"Libagua","Suco","Community",NA,"Liba Gua"
116,229,"TLS","Timor-Leste",4,"Baucau",15,"Laga",116,"Mulia","Suco","Community",NA,"Teqinomata"
117,229,"TLS","Timor-Leste",4,"Baucau",15,"Laga",117,"Nunira","Suco","Community",NA,NA
118,229,"TLS","Timor-Leste",4,"Baucau",15,"Laga",118,"Saelari","Suco","Community",NA,NA
119,229,"TLS","Timor-Leste",4,"Baucau",15,"Laga",119,"Sagadate","Suco","Community",NA,"Saga Date"
120,229,"TLS","Timor-Leste",4,"Baucau",15,"Laga",120,"Samalari","Suco","Community",NA,NA
121,229,"TLS","Timor-Leste",4,"Baucau",15,"Laga",121,"Soba","Suco","Community",NA,NA
122,229,"TLS","Timor-Leste",4,"Baucau",15,"Laga",122,"Tekinomata","Suco","Community",NA,"Teqinomata"
123,229,"TLS","Timor-Leste",4,"Baucau",16,"Quelicai",123,"Abo","Suco","Community",NA,NA
124,229,"TLS","Timor-Leste",4,"Baucau",16,"Quelicai",124,"Afaca","Suco","Community",NA,"Afasa"
125,229,"TLS","Timor-Leste",4,"Baucau",16,"Quelicai",125,"Baguia","Suco","Community",NA,NA
126,229,"TLS","Timor-Leste",4,"Baucau",16,"Quelicai",126,"Bualale","Suco","Community",NA,NA
127,229,"TLS","Timor-Leste",4,"Baucau",16,"Quelicai",127,"Guruça","Suco","Community",NA,NA
128,229,"TLS","Timor-Leste",4,"Baucau",16,"Quelicai",128,"Laculiu","Suco","Community",NA,"Laco Liu"
129,229,"TLS","Timor-Leste",4,"Baucau",16,"Quelicai",129,"Laisorolai Atas","Suco","Community",NA,"Laisorulai Decima"
130,229,"TLS","Timor-Leste",4,"Baucau",16,"Quelicai",130,"Laisorolai Bawah","Suco","Community",NA,"Laisorulai Debaixo"
131,229,"TLS","Timor-Leste",4,"Baucau",16,"Quelicai",131,"Lelalai","Suco","Community",NA,NA
132,229,"TLS","Timor-Leste",4,"Baucau",16,"Quelicai",132,"Letemumu","Suco","Community",NA,"Lete Mumo"
133,229,"TLS","Timor-Leste",4,"Baucau",16,"Quelicai",133,"Makalako","Suco","Community",NA,"Macalaco"
134,229,"TLS","Timor-Leste",4,"Baucau",16,"Quelicai",134,"Maluro","Suco","Community",NA,NA
135,229,"TLS","Timor-Leste",4,"Baucau",16,"Quelicai",135,"Namanai","Suco","Community",NA,"Namanei"
136,229,"TLS","Timor-Leste",4,"Baucau",16,"Quelicai",136,"Uaitame","Suco","Community",NA,NA
137,229,"TLS","Timor-Leste",4,"Baucau",17,"Vemasse",137,"Caicua","Suco","Community",NA,"Cai Cua"
138,229,"TLS","Timor-Leste",4,"Baucau",17,"Vemasse",138,"Loilubo","Suco","Community",NA,"Loi Lobo"
139,229,"TLS","Timor-Leste",4,"Baucau",17,"Vemasse",139,"Ossoala","Suco","Community",NA,"Osso Ala"
140,229,"TLS","Timor-Leste",4,"Baucau",17,"Vemasse",140,"Ostico","Suco","Community",NA,NA
141,229,"TLS","Timor-Leste",4,"Baucau",17,"Vemasse",141,"Uai-Gae","Suco","Community",NA,"Uai Gae"
142,229,"TLS","Timor-Leste",4,"Baucau",17,"Vemasse",142,"Uatolari","Suco","Community",NA,"Uatu Lari"
143,229,"TLS","Timor-Leste",4,"Baucau",17,"Vemasse",143,"Vemasse","Suco","Community",NA,NA
144,229,"TLS","Timor-Leste",4,"Baucau",18,"Venilale",144,"Badoho","Suco","Community",NA,"Bado Hoo"
145,229,"TLS","Timor-Leste",4,"Baucau",18,"Venilale",145,"Bahamori","Suco","Community",NA,"Baha Mori"
146,229,"TLS","Timor-Leste",4,"Baucau",18,"Venilale",146,"Uai Oli","Suco","Community",NA,NA
147,229,"TLS","Timor-Leste",4,"Baucau",18,"Venilale",147,"Uailaho","Suco","Community",NA,"Uai Laha"
148,229,"TLS","Timor-Leste",4,"Baucau",18,"Venilale",148,"Uatohaco","Suco","Community",NA,"Uato Haco"
149,229,"TLS","Timor-Leste",4,"Baucau",18,"Venilale",149,"Uatolia","Suco","Community",NA,"Fatulia"
150,229,"TLS","Timor-Leste",4,"Baucau",18,"Venilale",150,"Uma Ana Ico","Suco","Community",NA,NA
151,229,"TLS","Timor-Leste",4,"Baucau",18,"Venilale",151,"Uma Ana Ulu","Suco","Community",NA,"Uma Ana Ulo"
152,229,"TLS","Timor-Leste",5,"Bobonaro",19,"Atabai",152,"Aidaba-Leten","Suco","Community",NA,"Aidabalete"
153,229,"TLS","Timor-Leste",5,"Bobonaro",19,"Atabai",153,"Atabae","Suco","Community",NA,"Atabai"
154,229,"TLS","Timor-Leste",5,"Bobonaro",19,"Atabai",154,"Hataz","Suco","Community",NA,NA
155,229,"TLS","Timor-Leste",5,"Bobonaro",19,"Atabai",155,"Rairobo","Suco","Community",NA,NA
156,229,"TLS","Timor-Leste",5,"Bobonaro",20,"Balibó",156,"Atara, Balibo","Suco","Community",NA,"Balibo"
157,229,"TLS","Timor-Leste",5,"Bobonaro",20,"Balibó",157,"Batugade","Suco","Community",NA,NA
158,229,"TLS","Timor-Leste",5,"Bobonaro",20,"Balibó",158,"Cová","Suco","Community",NA,"Kowa"
159,229,"TLS","Timor-Leste",5,"Bobonaro",20,"Balibó",159,"Leohitu","Suco","Community",NA,NA
160,229,"TLS","Timor-Leste",5,"Bobonaro",20,"Balibó",160,"Leolima","Suco","Community",NA,NA
161,229,"TLS","Timor-Leste",5,"Bobonaro",20,"Balibó",161,"Sanirin","Suco","Community",NA,"Banirin"
162,229,"TLS","Timor-Leste",5,"Bobonaro",21,"Bobonaro",162,"Aiaca","Suco","Community",NA,"Ai Assa"
163,229,"TLS","Timor-Leste",5,"Bobonaro",21,"Bobonaro",163,"Atuaben","Suco","Community",NA,NA
164,229,"TLS","Timor-Leste",5,"Bobonaro",21,"Bobonaro",164,"Bobonaro","Suco","Community",NA,NA
165,229,"TLS","Timor-Leste",5,"Bobonaro",21,"Bobonaro",165,"Carabau","Suco","Community",NA,NA
166,229,"TLS","Timor-Leste",5,"Bobonaro",21,"Bobonaro",166,"Colimau","Suco","Community",NA,NA
167,229,"TLS","Timor-Leste",5,"Bobonaro",21,"Bobonaro",167,"Cotabot","Suco","Community",NA,"Kota Bo'ot"
168,229,"TLS","Timor-Leste",5,"Bobonaro",21,"Bobonaro",168,"Ilatlaun","Suco","Community",NA,"Ilat Laun"
169,229,"TLS","Timor-Leste",5,"Bobonaro",21,"Bobonaro",169,"Leber","Suco","Community",NA,NA
170,229,"TLS","Timor-Leste",5,"Bobonaro",21,"Bobonaro",170,"Lourba","Suco","Community",NA,NA
171,229,"TLS","Timor-Leste",5,"Bobonaro",21,"Bobonaro",171,"Lour","Suco","Community",NA,NA
172,229,"TLS","Timor-Leste",5,"Bobonaro",21,"Bobonaro",172,"Malilait","Suco","Community",NA,NA
173,229,"TLS","Timor-Leste",5,"Bobonaro",21,"Bobonaro",173,"Maliubu","Suco","Community",NA,NA
174,229,"TLS","Timor-Leste",5,"Bobonaro",21,"Bobonaro",174,"Molop","Suco","Community",NA,NA
175,229,"TLS","Timor-Leste",5,"Bobonaro",21,"Bobonaro",175,"Oeleu","Suco","Community",NA,NA
176,229,"TLS","Timor-Leste",5,"Bobonaro",21,"Bobonaro",176,"Sibuni","Suco","Community",NA,NA
177,229,"TLS","Timor-Leste",5,"Bobonaro",21,"Bobonaro",177,"Soileso","Suco","Community",NA,"Soileco"
178,229,"TLS","Timor-Leste",5,"Bobonaro",21,"Bobonaro",178,"Tapo","Suco","Community",NA,NA
179,229,"TLS","Timor-Leste",5,"Bobonaro",21,"Bobonaro",179,"Tebabui","Suco","Community",NA,"Teba Bui"
180,229,"TLS","Timor-Leste",5,"Bobonaro",22,"Cailaco",180,"Atudara","Suco","Community",NA,"Atu Dara"
181,229,"TLS","Timor-Leste",5,"Bobonaro",22,"Cailaco",181,"Daudo","Suco","Community",NA,NA
182,229,"TLS","Timor-Leste",5,"Bobonaro",22,"Cailaco",182,"Genulai","Suco","Community",NA,NA
183,229,"TLS","Timor-Leste",5,"Bobonaro",22,"Cailaco",183,"Goulolo","Suco","Community",NA,NA
184,229,"TLS","Timor-Leste",5,"Bobonaro",22,"Cailaco",184,"Manapa","Suco","Community",NA,NA
185,229,"TLS","Timor-Leste",5,"Bobonaro",22,"Cailaco",185,"Meligo","Suco","Community",NA,NA
186,229,"TLS","Timor-Leste",5,"Bobonaro",22,"Cailaco",186,"Purugoa","Suco","Community",NA,NA
187,229,"TLS","Timor-Leste",5,"Bobonaro",22,"Cailaco",187,"Raiheu","Suco","Community",NA,"Raeheu"
188,229,"TLS","Timor-Leste",5,"Bobonaro",23,"Lolotoi",188,"Deudet","Suco","Community",NA,NA
189,229,"TLS","Timor-Leste",5,"Bobonaro",23,"Lolotoi",189,"Gildapil","Suco","Community",NA,NA
190,229,"TLS","Timor-Leste",5,"Bobonaro",23,"Lolotoi",190,"Guda","Suco","Community",NA,NA
191,229,"TLS","Timor-Leste",5,"Bobonaro",23,"Lolotoi",191,"Lebos","Suco","Community",NA,NA
192,229,"TLS","Timor-Leste",5,"Bobonaro",23,"Lolotoi",192,"Lontas","Suco","Community",NA,NA
193,229,"TLS","Timor-Leste",5,"Bobonaro",23,"Lolotoi",193,"Lupal","Suco","Community",NA,NA
194,229,"TLS","Timor-Leste",5,"Bobonaro",23,"Lolotoi",194,"O.P.A.","Suco","Community",NA,"Opa"
195,229,"TLS","Timor-Leste",5,"Bobonaro",24,"Maliana",195,"Holsa","Suco","Community",NA,NA
196,229,"TLS","Timor-Leste",5,"Bobonaro",24,"Maliana",196,"Lahomea","Suco","Community",NA,NA
197,229,"TLS","Timor-Leste",5,"Bobonaro",24,"Maliana",197,"Odomau","Suco","Community",NA,NA
198,229,"TLS","Timor-Leste",5,"Bobonaro",24,"Maliana",198,"Raifun","Suco","Community",NA,NA
199,229,"TLS","Timor-Leste",5,"Bobonaro",24,"Maliana",199,"Ritabou","Suco","Community",NA,NA
200,229,"TLS","Timor-Leste",5,"Bobonaro",24,"Maliana",200,"Saburai","Suco","Community",NA,NA
201,229,"TLS","Timor-Leste",5,"Bobonaro",24,"Maliana",201,"Tapo","Suco","Community",NA,"Tapo Memo"
202,229,"TLS","Timor-Leste",6,"Covalima",25,"Fatu Fulic",202,"Fato Loro","Suco","Community",NA,"Taroman"
203,229,"TLS","Timor-Leste",6,"Covalima",25,"Fatu Fulic",203,"Fatululik","Suco","Community",NA,"Fato Lulik"
204,229,"TLS","Timor-Leste",6,"Covalima",25,"Fatu Fulic",204,"Taroman","Suco","Community",NA,NA
205,229,"TLS","Timor-Leste",6,"Covalima",26,"Fatu Mean",205,"Belulik Craic","Suco","Community",NA,"Belulik-Leten"
206,229,"TLS","Timor-Leste",6,"Covalima",26,"Fatu Mean",206,"Belulik Leten","Suco","Community",NA,"Belulik-Leten"
207,229,"TLS","Timor-Leste",6,"Covalima",26,"Fatu Mean",207,"Dakolo","Suco","Community",NA,"Dakolok"
208,229,"TLS","Timor-Leste",6,"Covalima",26,"Fatu Mean",208,"Fatumean","Suco","Community",NA,NA
209,229,"TLS","Timor-Leste",6,"Covalima",27,"Fohorem",209,"Dato-Rua","Suco","Community",NA,"Datorua"
210,229,"TLS","Timor-Leste",6,"Covalima",27,"Fohorem",210,"Dato-Tolu","Suco","Community",NA,"Dato Tolu"
211,229,"TLS","Timor-Leste",6,"Covalima",27,"Fohorem",211,"Fohorem","Suco","Community",NA,NA
212,229,"TLS","Timor-Leste",6,"Covalima",27,"Fohorem",212,"Laktos","Suco","Community",NA,"Lactos"
213,229,"TLS","Timor-Leste",6,"Covalima",28,"Mape",213,"Beko Ii","Suco","Community",NA,"Beco Ii"
214,229,"TLS","Timor-Leste",6,"Covalima",28,"Mape",214,"Fatuleto","Suco","Community",NA,"Fatoleto"
215,229,"TLS","Timor-Leste",6,"Covalima",28,"Mape",215,"Lepo","Suco","Community",NA,NA
216,229,"TLS","Timor-Leste",6,"Covalima",28,"Mape",216,"Lour","Suco","Community",NA,"Loore"
217,229,"TLS","Timor-Leste",6,"Covalima",28,"Mape",217,"Mape","Suco","Community",NA,NA
218,229,"TLS","Timor-Leste",6,"Covalima",28,"Mape",218,"Quimaque","Suco","Community",NA,"Zulo"
219,229,"TLS","Timor-Leste",6,"Covalima",28,"Mape",219,"Raimea","Suco","Community",NA,NA
220,229,"TLS","Timor-Leste",6,"Covalima",28,"Mape",220,"Usekai","Suco","Community",NA,"Ueacai"
221,229,"TLS","Timor-Leste",6,"Covalima",28,"Mape",221,"Zulo","Suco","Community",NA,NA
222,229,"TLS","Timor-Leste",6,"Covalima",29,"Suai Kota",222,"Belekasac","Suco","Community",NA,"Belakasak"
223,229,"TLS","Timor-Leste",6,"Covalima",29,"Suai Kota",223,"Camanasa","Suco","Community",NA,"Kamenasa"
224,229,"TLS","Timor-Leste",6,"Covalima",29,"Suai Kota",224,"Dais","Suco","Community",NA,"Matai"
225,229,"TLS","Timor-Leste",6,"Covalima",29,"Suai Kota",225,"Debos","Suco","Community",NA,NA
226,229,"TLS","Timor-Leste",6,"Covalima",29,"Suai Kota",226,"Holbelis","Suco","Community",NA,"Labarai"
227,229,"TLS","Timor-Leste",6,"Covalima",29,"Suai Kota",227,"Holpilat","Suco","Community",NA,NA
228,229,"TLS","Timor-Leste",6,"Covalima",29,"Suai Kota",228,"Ila","Suco","Community",NA,"Matai"
229,229,"TLS","Timor-Leste",6,"Covalima",29,"Suai Kota",229,"Kuluwan","Suco","Community",NA,"Beco"
230,229,"TLS","Timor-Leste",6,"Covalima",29,"Suai Kota",230,"Labarai","Suco","Community",NA,NA
231,229,"TLS","Timor-Leste",6,"Covalima",29,"Suai Kota",231,"Lela","Suco","Community",NA,"Holpilat"
232,229,"TLS","Timor-Leste",6,"Covalima",29,"Suai Kota",232,"Lucalai","Suco","Community",NA,"Beco"
233,229,"TLS","Timor-Leste",6,"Covalima",29,"Suai Kota",233,"Matai","Suco","Community",NA,NA
234,229,"TLS","Timor-Leste",6,"Covalima",29,"Suai Kota",234,"Ogues","Suco","Community",NA,NA
235,229,"TLS","Timor-Leste",6,"Covalima",29,"Suai Kota",235,"Sanfuk","Suco","Community",NA,"Kamenasa"
236,229,"TLS","Timor-Leste",6,"Covalima",29,"Suai Kota",236,"Suai-Loro","Suco","Community",NA,"Suai Loro"
237,229,"TLS","Timor-Leste",6,"Covalima",29,"Suai Kota",237,"Vila","Suco","Community",NA,"Debos"
238,229,"TLS","Timor-Leste",6,"Covalima",30,"Tilomar",238,"Casabauk","Suco","Community",NA,"Mau-Demu"
239,229,"TLS","Timor-Leste",6,"Covalima",30,"Tilomar",239,"Halimea","Suco","Community",NA,"Mau-Demu"
240,229,"TLS","Timor-Leste",6,"Covalima",30,"Tilomar",240,"Laconac","Suco","Community",NA,"Foholulik"
241,229,"TLS","Timor-Leste",6,"Covalima",30,"Tilomar",241,"Lalawa","Suco","Community",NA,"Salele"
242,229,"TLS","Timor-Leste",6,"Covalima",30,"Tilomar",242,"Maudema","Suco","Community",NA,"Mau-Demu"
243,229,"TLS","Timor-Leste",6,"Covalima",30,"Tilomar",243,"Raihun","Suco","Community",NA,"Foholulik"
244,229,"TLS","Timor-Leste",7,"Dili",31,"Atauro",244,"Beloi","Suco","Community",NA,NA
245,229,"TLS","Timor-Leste",7,"Dili",31,"Atauro",245,"Biqueli","Suco","Community",NA,NA
246,229,"TLS","Timor-Leste",7,"Dili",31,"Atauro",246,"Macadade","Suco","Community",NA,NA
247,229,"TLS","Timor-Leste",7,"Dili",31,"Atauro",247,"Maquili","Suco","Community",NA,NA
248,229,"TLS","Timor-Leste",7,"Dili",31,"Atauro",248,"Vila","Suco","Community",NA,"Vila/Maumeta"
249,229,"TLS","Timor-Leste",7,"Dili",32,"Dili Barat",249,"12 Novembro","Suco","Community",NA,"Dare"
250,229,"TLS","Timor-Leste",7,"Dili",32,"Dili Barat",250,"Alor","Suco","Community",NA,"7 Decembro"
251,229,"TLS","Timor-Leste",7,"Dili",32,"Dili Barat",251,"Alto Hospital","Suco","Community",NA,"Lahane Barat"
252,229,"TLS","Timor-Leste",7,"Dili",32,"Dili Barat",252,"Bairo Alto","Suco","Community",NA,"Lahane Barat"
253,229,"TLS","Timor-Leste",7,"Dili",32,"Dili Barat",253,"Caicido","Suco","Community",NA,"Solo"
254,229,"TLS","Timor-Leste",7,"Dili",32,"Dili Barat",254,"Caicoli","Suco","Community",NA,"Rumbia"
255,229,"TLS","Timor-Leste",7,"Dili",32,"Dili Barat",255,"Colmera","Suco","Community",NA,"28 Novembro"
256,229,"TLS","Timor-Leste",7,"Dili",32,"Dili Barat",256,"Fatuhada","Suco","Community",NA,"Beira Mar"
257,229,"TLS","Timor-Leste",7,"Dili",32,"Dili Barat",257,"Florestal","Suco","Community",NA,"Dare"
258,229,"TLS","Timor-Leste",7,"Dili",32,"Dili Barat",258,"Haksolok","Suco","Community",NA,"Vila Verde"
259,229,"TLS","Timor-Leste",7,"Dili",32,"Dili Barat",259,"Hanso Hatora","Suco","Community",NA,"Vila Verde"
260,229,"TLS","Timor-Leste",7,"Dili",32,"Dili Barat",260,"Isolado","Suco","Community",NA,"Bairo Pite"
261,229,"TLS","Timor-Leste",7,"Dili",32,"Dili Barat",261,"Loscabubu","Suco","Community",NA,"Comoro"
262,229,"TLS","Timor-Leste",7,"Dili",32,"Dili Barat",262,"Malinamoc","Suco","Community",NA,"Comoro"
263,229,"TLS","Timor-Leste",7,"Dili",32,"Dili Barat",263,"Mascarenhas","Suco","Community",NA,"Mascarinhas"
264,229,"TLS","Timor-Leste",7,"Dili",32,"Dili Barat",264,"Moris Dame","Suco","Community",NA,"Comoro"
265,229,"TLS","Timor-Leste",7,"Dili",32,"Dili Barat",265,"Motael","Suco","Community",NA,"20 Maio"
266,229,"TLS","Timor-Leste",7,"Dili",32,"Dili Barat",266,"Naroman","Suco","Community",NA,"Bairo Pite"
267,229,"TLS","Timor-Leste",7,"Dili",32,"Dili Barat",267,"Nazare","Suco","Community",NA,"Bairo Pite"
268,229,"TLS","Timor-Leste",7,"Dili",32,"Dili Barat",268,"Rai Naca Doco","Suco","Community",NA,"Comoro"
269,229,"TLS","Timor-Leste",7,"Dili",32,"Dili Barat",269,"Suleur","Suco","Community",NA,"Comoro"
270,229,"TLS","Timor-Leste",7,"Dili",33,"Dili Timur",270,"10 Junho","Suco","Community",NA,"Lahane Timur"
271,229,"TLS","Timor-Leste",7,"Dili",33,"Dili Timur",271,"Ailok","Suco","Community",NA,"Becora"
272,229,"TLS","Timor-Leste",7,"Dili",33,"Dili Timur",272,"Asucai Lorosae","Suco","Community",NA,"Santa Cruz"
273,229,"TLS","Timor-Leste",7,"Dili",33,"Dili Timur",273,"B. Formosa","Suco","Community",NA,"Talera Hun|Central|Dosgrilhos"
274,229,"TLS","Timor-Leste",7,"Dili",33,"Dili Timur",274,"Balibar","Suco","Community",NA,NA
275,229,"TLS","Timor-Leste",7,"Dili",33,"Dili Timur",275,"Becora","Suco","Community",NA,NA
276,229,"TLS","Timor-Leste",7,"Dili",33,"Dili Timur",276,"Bemori","Suco","Community",NA,NA
277,229,"TLS","Timor-Leste",7,"Dili",33,"Dili Timur",277,"Bidau Lecidere","Suco","Community",NA,"Monumento"
278,229,"TLS","Timor-Leste",7,"Dili",33,"Dili Timur",278,"Bidau Santana","Suco","Community",NA,NA
279,229,"TLS","Timor-Leste",7,"Dili",33,"Dili Timur",279,"Camea","Suco","Community",NA,NA
280,229,"TLS","Timor-Leste",7,"Dili",33,"Dili Timur",280,"Centro Benemauk","Suco","Community",NA,"Becora"
281,229,"TLS","Timor-Leste",7,"Dili",33,"Dili Timur",281,"Fatuahi","Suco","Community",NA,"Camea"
282,229,"TLS","Timor-Leste",7,"Dili",33,"Dili Timur",282,"Hera","Suco","Community",NA,NA
283,229,"TLS","Timor-Leste",7,"Dili",33,"Dili Timur",283,"Inur Fuik","Suco","Community",NA,"Santa Cruz"
284,229,"TLS","Timor-Leste",7,"Dili",33,"Dili Timur",284,"Kuluhun","Suco","Community",NA,"Culuhum"
285,229,"TLS","Timor-Leste",7,"Dili",33,"Dili Timur",285,"Lahane Oriental","Suco","Community",NA,"Lahane Timur"
286,229,"TLS","Timor-Leste",7,"Dili",33,"Dili Timur",286,"Meira","Suco","Community",NA,"Bemori"
287,229,"TLS","Timor-Leste",7,"Dili",33,"Dili Timur",287,"Meti Aut","Suco","Community",NA,NA
288,229,"TLS","Timor-Leste",7,"Dili",33,"Dili Timur",288,"Santa Cruz","Suco","Community",NA,NA
289,229,"TLS","Timor-Leste",7,"Dili",34,"Metinaro",289,"Benunuk","Suco","Community",NA,"Duyung"
290,229,"TLS","Timor-Leste",7,"Dili",34,"Metinaro",290,"Kotomorin","Suco","Community",NA,"Duyung"
291,229,"TLS","Timor-Leste",7,"Dili",34,"Metinaro",291,"Sabuli","Suco","Community",NA,NA
292,229,"TLS","Timor-Leste",8,"Ermera",35,"Atsabe",292,"Atara","Suco","Community",NA,NA
293,229,"TLS","Timor-Leste",8,"Ermera",35,"Atsabe",293,"Baboikleten","Suco","Community",NA,"Baboe Leten"
294,229,"TLS","Timor-Leste",8,"Ermera",35,"Atsabe",294,"Baboikraik","Suco","Community",NA,"Baboe Craic"
295,229,"TLS","Timor-Leste",8,"Ermera",35,"Atsabe",295,"Batu-Manu","Suco","Community",NA,"Batu Manu"
296,229,"TLS","Timor-Leste",8,"Ermera",35,"Atsabe",296,"Laimealeten","Suco","Community",NA,"Leimea Leten"
297,229,"TLS","Timor-Leste",8,"Ermera",35,"Atsabe",297,"Laklo","Suco","Community",NA,"Laclo"
298,229,"TLS","Timor-Leste",8,"Ermera",35,"Atsabe",298,"Lasaun","Suco","Community",NA,"Lacao"
299,229,"TLS","Timor-Leste",8,"Ermera",35,"Atsabe",299,"Laubonu","Suco","Community",NA,"Lau Banu"
300,229,"TLS","Timor-Leste",8,"Ermera",35,"Atsabe",300,"Malabe","Suco","Community",NA,NA
301,229,"TLS","Timor-Leste",8,"Ermera",35,"Atsabe",301,"Malimea","Suco","Community",NA,"Atara"
302,229,"TLS","Timor-Leste",8,"Ermera",35,"Atsabe",302,"Obulo","Suco","Community",NA,NA
303,229,"TLS","Timor-Leste",8,"Ermera",35,"Atsabe",303,"Paramin","Suco","Community",NA,"Tirlelo"
304,229,"TLS","Timor-Leste",8,"Ermera",35,"Atsabe",304,"Parmin","Suco","Community",NA,NA
305,229,"TLS","Timor-Leste",8,"Ermera",35,"Atsabe",305,"Tiarlelo","Suco","Community",NA,"Estado"
306,229,"TLS","Timor-Leste",8,"Ermera",36,"Ermera",306,"Humboe","Suco","Community",NA,NA
307,229,"TLS","Timor-Leste",8,"Ermera",36,"Ermera",307,"Lauala","Suco","Community",NA,NA
308,229,"TLS","Timor-Leste",8,"Ermera",36,"Ermera",308,"Legimea","Suco","Community",NA,"Leguimea"
309,229,"TLS","Timor-Leste",8,"Ermera",36,"Ermera",309,"Mirtutu","Suco","Community",NA,NA
310,229,"TLS","Timor-Leste",8,"Ermera",36,"Ermera",310,"Poetete","Suco","Community",NA,NA
311,229,"TLS","Timor-Leste",8,"Ermera",36,"Ermera",311,"Ponilala","Suco","Community",NA,NA
312,229,"TLS","Timor-Leste",8,"Ermera",36,"Ermera",312,"Raimehei","Suco","Community",NA,"Raimer Hei"
313,229,"TLS","Timor-Leste",8,"Ermera",36,"Ermera",313,"Riheu","Suco","Community",NA,NA
314,229,"TLS","Timor-Leste",8,"Ermera",36,"Ermera",314,"Talimoro","Suco","Community",NA,NA
315,229,"TLS","Timor-Leste",8,"Ermera",37,"Hatólia",315,"Ailelo","Suco","Community",NA,NA
316,229,"TLS","Timor-Leste",8,"Ermera",37,"Hatólia",316,"Asu Lau","Suco","Community",NA,"Asslau|Sare"
317,229,"TLS","Timor-Leste",8,"Ermera",37,"Hatólia",317,"Fatubesi","Suco","Community",NA,"Fatu Besi"
318,229,"TLS","Timor-Leste",8,"Ermera",37,"Hatólia",318,"Fatubolu","Suco","Community",NA,"Fatu Bolu"
319,229,"TLS","Timor-Leste",8,"Ermera",37,"Hatólia",319,"Hatolia","Suco","Community",NA,"Hatolia Kota"
320,229,"TLS","Timor-Leste",8,"Ermera",37,"Hatólia",320,"Koliatileotelo","Suco","Community",NA,"Coliate Leotelu"
321,229,"TLS","Timor-Leste",8,"Ermera",37,"Hatólia",321,"Lemeakraik","Suco","Community",NA,"Leimea Craic"
322,229,"TLS","Timor-Leste",8,"Ermera",37,"Hatólia",322,"Lemia Sorinbalu","Suco","Community",NA,"Leimea Sorin|Balo"
323,229,"TLS","Timor-Leste",8,"Ermera",37,"Hatólia",323,"Lisafat","Suco","Community",NA,"Lisapat"
324,229,"TLS","Timor-Leste",8,"Ermera",37,"Hatólia",324,"Manusae","Suco","Community",NA,NA
325,229,"TLS","Timor-Leste",8,"Ermera",37,"Hatólia",325,"Mau Ubu","Suco","Community",NA,NA
326,229,"TLS","Timor-Leste",8,"Ermera",37,"Hatólia",326,"Samara","Suco","Community",NA,NA
327,229,"TLS","Timor-Leste",8,"Ermera",37,"Hatólia",327,"Urahou","Suco","Community",NA,NA
328,229,"TLS","Timor-Leste",8,"Ermera",38,"Letefoho",328,"Dukurai","Suco","Community",NA,"Dokurai"
329,229,"TLS","Timor-Leste",8,"Ermera",38,"Letefoho",329,"Eraulu","Suco","Community",NA,"Era Ulu"
330,229,"TLS","Timor-Leste",8,"Ermera",38,"Letefoho",330,"Goulolo","Suco","Community",NA,NA
331,229,"TLS","Timor-Leste",8,"Ermera",38,"Letefoho",331,"Hatugau","Suco","Community",NA,"Hatu Gau"
332,229,"TLS","Timor-Leste",8,"Ermera",38,"Letefoho",332,"Katrai-Kraik","Suco","Community",NA,"Katrai Craic"
333,229,"TLS","Timor-Leste",8,"Ermera",38,"Letefoho",333,"Katraikleten","Suco","Community",NA,"Katrai Leten"
334,229,"TLS","Timor-Leste",8,"Ermera",38,"Letefoho",334,"Lauana","Suco","Community",NA,NA
335,229,"TLS","Timor-Leste",8,"Ermera",38,"Letefoho",335,"Letefoho","Suco","Community",NA,"Lete Foho"
336,229,"TLS","Timor-Leste",8,"Ermera",39,"Railaco",336,"Deleso","Suco","Community",NA,"Deleco"
337,229,"TLS","Timor-Leste",8,"Ermera",39,"Railaco",337,"Fatukero","Suco","Community",NA,"Fatuquero"
338,229,"TLS","Timor-Leste",8,"Ermera",39,"Railaco",338,"Lihu","Suco","Community",NA,NA
339,229,"TLS","Timor-Leste",8,"Ermera",39,"Railaco",339,"Matata","Suco","Community",NA,NA
340,229,"TLS","Timor-Leste",8,"Ermera",39,"Railaco",340,"Railako-Kraik","Suco","Community",NA,"Railaco Craic"
341,229,"TLS","Timor-Leste",8,"Ermera",39,"Railaco",341,"Railako-Leten","Suco","Community",NA,"Railaco Leten"
342,229,"TLS","Timor-Leste",8,"Ermera",39,"Railaco",342,"Sama-Lete","Suco","Community",NA,"Samalete"
343,229,"TLS","Timor-Leste",8,"Ermera",39,"Railaco",343,"Taraso","Suco","Community",NA,"Taraco"
344,229,"TLS","Timor-Leste",8,"Ermera",39,"Railaco",344,"Tokoluli","Suco","Community",NA,NA
345,229,"TLS","Timor-Leste",9,"Lautém",40,"Iliomar",345,"Ailebere","Suco","Community",NA,NA
346,229,"TLS","Timor-Leste",9,"Lautém",40,"Iliomar",346,"Cainliu","Suco","Community",NA,"Kan Liu"
347,229,"TLS","Timor-Leste",9,"Lautém",40,"Iliomar",347,"Fuat","Suco","Community",NA,NA
348,229,"TLS","Timor-Leste",9,"Lautém",40,"Iliomar",348,"Iliomar Ii","Suco","Community",NA,NA
349,229,"TLS","Timor-Leste",9,"Lautém",40,"Iliomar",349,"Iliomar I","Suco","Community",NA,NA
350,229,"TLS","Timor-Leste",9,"Lautém",40,"Iliomar",350,"Trilolo","Suco","Community",NA,"Tirilolo"
351,229,"TLS","Timor-Leste",9,"Lautém",41,"Lautém",351,"Baduro","Suco","Community",NA,NA
352,229,"TLS","Timor-Leste",9,"Lautém",41,"Lautém",352,"Con","Suco","Community",NA,"Kon"
353,229,"TLS","Timor-Leste",9,"Lautém",41,"Lautém",353,"Daudere","Suco","Community",NA,NA
354,229,"TLS","Timor-Leste",9,"Lautém",41,"Lautém",354,"Eukisi","Suco","Community",NA,"Euquisi"
355,229,"TLS","Timor-Leste",9,"Lautém",41,"Lautém",355,"Ililai","Suco","Community",NA,NA
356,229,"TLS","Timor-Leste",9,"Lautém",41,"Lautém",356,"Maina Ii","Suco","Community",NA,NA
357,229,"TLS","Timor-Leste",9,"Lautém",41,"Lautém",357,"Maina I","Suco","Community",NA,NA
358,229,"TLS","Timor-Leste",9,"Lautém",41,"Lautém",358,"Pairara","Suco","Community",NA,NA
359,229,"TLS","Timor-Leste",9,"Lautém",41,"Lautém",359,"Parlemento","Suco","Community",NA,"Parlamento"
360,229,"TLS","Timor-Leste",9,"Lautém",41,"Lautém",360,"Serelau","Suco","Community",NA,NA
361,229,"TLS","Timor-Leste",9,"Lautém",42,"Los Palos",361,"Bauro","Suco","Community",NA,NA
362,229,"TLS","Timor-Leste",9,"Lautém",42,"Los Palos",362,"Fuiloro","Suco","Community",NA,"Fuiluro"
363,229,"TLS","Timor-Leste",9,"Lautém",42,"Los Palos",363,"Home","Suco","Community",NA,NA
364,229,"TLS","Timor-Leste",9,"Lautém",42,"Los Palos",364,"Kakaven","Suco","Community",NA,NA
365,229,"TLS","Timor-Leste",9,"Lautém",42,"Los Palos",365,"Leuro","Suco","Community",NA,NA
366,229,"TLS","Timor-Leste",9,"Lautém",42,"Los Palos",366,"Lore Ii","Suco","Community",NA,NA
367,229,"TLS","Timor-Leste",9,"Lautém",42,"Los Palos",367,"Lore I","Suco","Community",NA,NA
368,229,"TLS","Timor-Leste",9,"Lautém",42,"Los Palos",368,"Muapitine","Suco","Community",NA,NA
369,229,"TLS","Timor-Leste",9,"Lautém",42,"Los Palos",369,"Rasa","Suco","Community",NA,NA
370,229,"TLS","Timor-Leste",9,"Lautém",42,"Los Palos",370,"Souro","Suco","Community",NA,NA
371,229,"TLS","Timor-Leste",9,"Lautém",43,"Luro",371,"Afabubu","Suco","Community",NA,"Afabubo"
372,229,"TLS","Timor-Leste",9,"Lautém",43,"Luro",372,"Bari Kafa","Suco","Community",NA,"Baricafa"
373,229,"TLS","Timor-Leste",9,"Lautém",43,"Luro",373,"Kota-Mutu","Suco","Community",NA,"Kotamuto"
374,229,"TLS","Timor-Leste",9,"Lautém",43,"Luro",374,"Lacava","Suco","Community",NA,"Lakawa"
375,229,"TLS","Timor-Leste",9,"Lautém",43,"Luro",375,"Luro","Suco","Community",NA,NA
376,229,"TLS","Timor-Leste",9,"Lautém",43,"Luro",376,"Uairoque","Suco","Community",NA,"Vairoque"
377,229,"TLS","Timor-Leste",9,"Lautém",44,"Tutuala",377,"Mehara","Suco","Community",NA,NA
378,229,"TLS","Timor-Leste",9,"Lautém",44,"Tutuala",378,"Tutuala","Suco","Community",NA,NA
379,229,"TLS","Timor-Leste",10,"Liquiçá",45,"Bazar Tete",379,"Fahilebo","Suco","Community",NA,NA
380,229,"TLS","Timor-Leste",10,"Liquiçá",45,"Bazar Tete",380,"Fatumasi","Suco","Community",NA,NA
381,229,"TLS","Timor-Leste",10,"Liquiçá",45,"Bazar Tete",381,"Lauhata","Suco","Community",NA,NA
382,229,"TLS","Timor-Leste",10,"Liquiçá",45,"Bazar Tete",382,"Leorema","Suco","Community",NA,NA
383,229,"TLS","Timor-Leste",10,"Liquiçá",45,"Bazar Tete",383,"Maumeta","Suco","Community",NA,NA
384,229,"TLS","Timor-Leste",10,"Liquiçá",45,"Bazar Tete",384,"Metagou","Suco","Community",NA,NA
385,229,"TLS","Timor-Leste",10,"Liquiçá",45,"Bazar Tete",385,"Motaulun","Suco","Community",NA,NA
386,229,"TLS","Timor-Leste",10,"Liquiçá",45,"Bazar Tete",386,"Tibar","Suco","Community",NA,NA
387,229,"TLS","Timor-Leste",10,"Liquiçá",45,"Bazar Tete",387,"Ulmera","Suco","Community",NA,NA
388,229,"TLS","Timor-Leste",10,"Liquiçá",46,"Liquiçá",388,"Asumanu","Suco","Community",NA,NA
389,229,"TLS","Timor-Leste",10,"Liquiçá",46,"Liquiçá",389,"Darulete","Suco","Community",NA,NA
390,229,"TLS","Timor-Leste",10,"Liquiçá",46,"Liquiçá",390,"Dato","Suco","Community",NA,NA
391,229,"TLS","Timor-Leste",10,"Liquiçá",46,"Liquiçá",391,"Hatukesi","Suco","Community",NA,"Hatuquesi"
392,229,"TLS","Timor-Leste",10,"Liquiçá",46,"Liquiçá",392,"Leotela","Suco","Community",NA,NA
393,229,"TLS","Timor-Leste",10,"Liquiçá",46,"Liquiçá",393,"Loidahar","Suco","Community",NA,NA
394,229,"TLS","Timor-Leste",10,"Liquiçá",46,"Liquiçá",394,"Lukulai","Suco","Community",NA,NA
395,229,"TLS","Timor-Leste",10,"Liquiçá",47,"Maubara",395,"Gucleur","Suco","Community",NA,"Gugleur"
396,229,"TLS","Timor-Leste",10,"Liquiçá",47,"Maubara",396,"Guico","Suco","Community",NA,NA
397,229,"TLS","Timor-Leste",10,"Liquiçá",47,"Maubara",397,"Lisa-Dila","Suco","Community",NA,"Lisadila"
398,229,"TLS","Timor-Leste",10,"Liquiçá",47,"Maubara",398,"Maubara-Lisa","Suco","Community",NA,"Maubaralisa"
399,229,"TLS","Timor-Leste",10,"Liquiçá",47,"Maubara",399,"Vatu Boro","Suco","Community",NA,"Vatuboro"
400,229,"TLS","Timor-Leste",10,"Liquiçá",47,"Maubara",400,"Vatu Vou","Suco","Community",NA,"Vatuvou"
401,229,"TLS","Timor-Leste",10,"Liquiçá",47,"Maubara",401,"Vaviquinia","Suco","Community",NA,NA
402,229,"TLS","Timor-Leste",11,"Manatuto",48,"Barique",402,"Aubeon","Suco","Community",NA,NA
403,229,"TLS","Timor-Leste",11,"Manatuto",48,"Barique",403,"Barique","Suco","Community",NA,"Cribas"
404,229,"TLS","Timor-Leste",11,"Manatuto",48,"Barique",404,"Fatu Uaquic","Suco","Community",NA,"Fatu Waki"
405,229,"TLS","Timor-Leste",11,"Manatuto",48,"Barique",405,"Manehat","Suco","Community",NA,NA
406,229,"TLS","Timor-Leste",11,"Manatuto",48,"Barique",406,"Umaboco","Suco","Community",NA,"Umabeco"
407,229,"TLS","Timor-Leste",11,"Manatuto",49,"Laclo",407,"Hoho-Rai","Suco","Community",NA,"Hohorai"
408,229,"TLS","Timor-Leste",11,"Manatuto",49,"Laclo",408,"Lakumesak","Suco","Community",NA,"Laco Mesak"
409,229,"TLS","Timor-Leste",11,"Manatuto",49,"Laclo",409,"Uma-Kaduak","Suco","Community",NA,"Uma Kaduak"
410,229,"TLS","Timor-Leste",11,"Manatuto",49,"Laclo",410,"Uma Naruc","Suco","Community",NA,"Uma Naruk"
411,229,"TLS","Timor-Leste",11,"Manatuto",50,"Laclubar",411,"Batara","Suco","Community",NA,NA
412,229,"TLS","Timor-Leste",11,"Manatuto",50,"Laclubar",412,"Fatumaquerek","Suco","Community",NA,"Fatu Makerek"
413,229,"TLS","Timor-Leste",11,"Manatuto",50,"Laclubar",413,"Funar","Suco","Community",NA,NA
414,229,"TLS","Timor-Leste",11,"Manatuto",50,"Laclubar",414,"Manelima","Suco","Community",NA,NA
415,229,"TLS","Timor-Leste",11,"Manatuto",50,"Laclubar",415,"Orlalan","Suco","Community",NA,"Oralalan"
416,229,"TLS","Timor-Leste",11,"Manatuto",50,"Laclubar",416,"Sananain","Suco","Community",NA,NA
417,229,"TLS","Timor-Leste",11,"Manatuto",51,"Laleia",417,"Cai-Rui","Suco","Community",NA,"Kairui"
418,229,"TLS","Timor-Leste",11,"Manatuto",51,"Laleia",418,"Hatu-Ralan","Suco","Community",NA,"Hatularan"
419,229,"TLS","Timor-Leste",11,"Manatuto",51,"Laleia",419,"Lifau","Suco","Community",NA,NA
420,229,"TLS","Timor-Leste",11,"Manatuto",52,"Manatuto",420,"Ailili","Suco","Community",NA,NA
421,229,"TLS","Timor-Leste",11,"Manatuto",52,"Manatuto",421,"Aiteas","Suco","Community",NA,NA
422,229,"TLS","Timor-Leste",11,"Manatuto",52,"Manatuto",422,"Cribas","Suco","Community",NA,NA
423,229,"TLS","Timor-Leste",11,"Manatuto",52,"Manatuto",423,"Iliheu","Suco","Community",NA,NA
424,229,"TLS","Timor-Leste",11,"Manatuto",52,"Manatuto",424,"Maabat","Suco","Community",NA,NA
425,229,"TLS","Timor-Leste",11,"Manatuto",52,"Manatuto",425,"Sau","Suco","Community",NA,NA
426,229,"TLS","Timor-Leste",11,"Manatuto",53,"Soibada",426,"Fatumaquerek","Suco","Community",NA,"Hatu Makarek"
427,229,"TLS","Timor-Leste",11,"Manatuto",53,"Soibada",427,"Leohat","Suco","Community",NA,NA
428,229,"TLS","Timor-Leste",11,"Manatuto",53,"Soibada",428,"Manlala","Suco","Community",NA,NA
429,229,"TLS","Timor-Leste",11,"Manatuto",53,"Soibada",429,"Maunfahe","Suco","Community",NA,"Maun Fahe"
430,229,"TLS","Timor-Leste",11,"Manatuto",53,"Soibada",430,"Samoro","Suco","Community",NA,NA
431,229,"TLS","Timor-Leste",12,"Manufahi",54,"Alas",431,"Aituha","Suco","Community",NA,NA
432,229,"TLS","Timor-Leste",12,"Manufahi",54,"Alas",432,"Dotik","Suco","Community",NA,NA
433,229,"TLS","Timor-Leste",12,"Manufahi",54,"Alas",433,"Mahaquidan","Suco","Community",NA,"Mahakidan"
434,229,"TLS","Timor-Leste",12,"Manufahi",54,"Alas",434,"Taitudak","Suco","Community",NA,NA
435,229,"TLS","Timor-Leste",12,"Manufahi",54,"Alas",435,"Uma Berloik","Suco","Community",NA,"Uma Berlolik"
436,229,"TLS","Timor-Leste",12,"Manufahi",55,"Fato Berliu",436,"Bubususu","Suco","Community",NA,NA
437,229,"TLS","Timor-Leste",12,"Manufahi",55,"Fato Berliu",437,"Caicasa","Suco","Community",NA,"Caicassa"
438,229,"TLS","Timor-Leste",12,"Manufahi",55,"Fato Berliu",438,"Fahinehan","Suco","Community",NA,"Fahinihan"
439,229,"TLS","Timor-Leste",12,"Manufahi",55,"Fato Berliu",439,"Fatukahi","Suco","Community",NA,"Fatucahi"
440,229,"TLS","Timor-Leste",12,"Manufahi",55,"Fato Berliu",440,"Klakuc","Suco","Community",NA,"Clakuk"
441,229,"TLS","Timor-Leste",12,"Manufahi",56,"Same",441,"Babulu","Suco","Community",NA,NA
442,229,"TLS","Timor-Leste",12,"Manufahi",56,"Same",442,"Betano","Suco","Community",NA,NA
443,229,"TLS","Timor-Leste",12,"Manufahi",56,"Same",443,"Daisua","Suco","Community",NA,NA
444,229,"TLS","Timor-Leste",12,"Manufahi",56,"Same",444,"Grotu","Suco","Community",NA,"Grutu"
445,229,"TLS","Timor-Leste",12,"Manufahi",56,"Same",445,"Holarua","Suco","Community",NA,NA
446,229,"TLS","Timor-Leste",12,"Manufahi",56,"Same",446,"Letefoho","Suco","Community",NA,NA
447,229,"TLS","Timor-Leste",12,"Manufahi",56,"Same",447,"Rotutu","Suco","Community",NA,"Rotuto"
448,229,"TLS","Timor-Leste",12,"Manufahi",56,"Same",448,"Tutuloro","Suco","Community",NA,"Tutuluro"
449,229,"TLS","Timor-Leste",12,"Manufahi",57,"Turiscai",449,"Aitemua","Suco","Community",NA,NA
450,229,"TLS","Timor-Leste",12,"Manufahi",57,"Turiscai",450,"Beremana","Suco","Community",NA,NA
451,229,"TLS","Timor-Leste",12,"Manufahi",57,"Turiscai",451,"Fatucalo","Suco","Community",NA,NA
452,229,"TLS","Timor-Leste",12,"Manufahi",57,"Turiscai",452,"Foholau","Suco","Community",NA,NA
453,229,"TLS","Timor-Leste",12,"Manufahi",57,"Turiscai",453,"Kaimauk","Suco","Community",NA,NA
454,229,"TLS","Timor-Leste",12,"Manufahi",57,"Turiscai",454,"Lisuata","Suco","Community",NA,"Lesuata"
455,229,"TLS","Timor-Leste",12,"Manufahi",57,"Turiscai",455,"Liurai","Suco","Community",NA,NA
456,229,"TLS","Timor-Leste",12,"Manufahi",57,"Turiscai",456,"Manumera","Suco","Community",NA,NA
457,229,"TLS","Timor-Leste",12,"Manufahi",57,"Turiscai",457,"Matorec","Suco","Community",NA,"Matorek"
458,229,"TLS","Timor-Leste",12,"Manufahi",57,"Turiscai",458,"Mindelo","Suco","Community",NA,NA
459,229,"TLS","Timor-Leste",12,"Manufahi",57,"Turiscai",459,"Orana","Suco","Community",NA,NA
460,229,"TLS","Timor-Leste",13,"Viqueque",58,"Lacluta",460,"Ahic","Suco","Community",NA,"Ahik"
461,229,"TLS","Timor-Leste",13,"Viqueque",58,"Lacluta",461,"Dilor","Suco","Community",NA,NA
462,229,"TLS","Timor-Leste",13,"Viqueque",58,"Lacluta",462,"Laline","Suco","Community",NA,NA
463,229,"TLS","Timor-Leste",13,"Viqueque",58,"Lacluta",463,"Uma-Tolu","Suco","Community",NA,"Uma Tolu"
464,229,"TLS","Timor-Leste",13,"Viqueque",59,"Ossu",464,"Builale","Suco","Community",NA,NA
465,229,"TLS","Timor-Leste",13,"Viqueque",59,"Ossu",465,"Liaruka","Suco","Community",NA,"Lia Ruca"
466,229,"TLS","Timor-Leste",13,"Viqueque",59,"Ossu",466,"Loihunu","Suco","Community",NA,"Loi Huno"
467,229,"TLS","Timor-Leste",13,"Viqueque",59,"Ossu",467,"Nahareka","Suco","Community",NA,"Naha Reka"
468,229,"TLS","Timor-Leste",13,"Viqueque",59,"Ossu",468,"Ossu De Cima","Suco","Community",NA,"Ossu Decima"
469,229,"TLS","Timor-Leste",13,"Viqueque",59,"Ossu",469,"Uabobu","Suco","Community",NA,"Uabubo"
470,229,"TLS","Timor-Leste",13,"Viqueque",59,"Ossu",470,"Uaibobo","Suco","Community",NA,NA
471,229,"TLS","Timor-Leste",13,"Viqueque",59,"Ossu",471,"Uaigia","Suco","Community",NA,"Uaguia"
472,229,"TLS","Timor-Leste",13,"Viqueque",60,"Uato Carbau",472,"Afaloicai","Suco","Community",NA,"Afaloikai"
473,229,"TLS","Timor-Leste",13,"Viqueque",60,"Uato Carbau",473,"Baha-Tata","Suco","Community",NA,"Baha Tata"
474,229,"TLS","Timor-Leste",13,"Viqueque",60,"Uato Carbau",474,"Irabin Hooli","Suco","Community",NA,NA
475,229,"TLS","Timor-Leste",13,"Viqueque",60,"Uato Carbau",475,"Irabin Letarea","Suco","Community",NA,"Irabin Leterea"
476,229,"TLS","Timor-Leste",13,"Viqueque",60,"Uato Carbau",476,"Loi Ulo","Suco","Community",NA,"Loi Ulu"
477,229,"TLS","Timor-Leste",13,"Viqueque",60,"Uato Carbau",477,"Uani-Uma","Suco","Community",NA,"Unai-Uma"
478,229,"TLS","Timor-Leste",13,"Viqueque",61,"Uatolari",478,"Afaloicai","Suco","Community",NA,"Afaloikai"
479,229,"TLS","Timor-Leste",13,"Viqueque",61,"Uatolari",479,"Babulo","Suco","Community",NA,NA
480,229,"TLS","Timor-Leste",13,"Viqueque",61,"Uatolari",480,"Makadiki","Suco","Community",NA,"Makadidi"
481,229,"TLS","Timor-Leste",13,"Viqueque",61,"Uatolari",481,"Matahoi","Suco","Community",NA,"Mata Ohi"
482,229,"TLS","Timor-Leste",13,"Viqueque",61,"Uatolari",482,"Uaitame","Suco","Community",NA,"Waitame"
483,229,"TLS","Timor-Leste",13,"Viqueque",61,"Uatolari",483,"Vessoru","Suco","Community",NA,"Vesoro"
484,229,"TLS","Timor-Leste",13,"Viqueque",62,"Viqueque",484,"Bahalar Uain","Suco","Community",NA,"Bahalara Uain"
485,229,"TLS","Timor-Leste",13,"Viqueque",62,"Viqueque",485,"Bibileo","Suco","Community",NA,NA
486,229,"TLS","Timor-Leste",13,"Viqueque",62,"Viqueque",486,"Caraubalau","Suco","Community",NA,"Carau Balu"
487,229,"TLS","Timor-Leste",13,"Viqueque",62,"Viqueque",487,"Fatu Dere","Suco","Community",NA,"Beaco"
488,229,"TLS","Timor-Leste",13,"Viqueque",62,"Viqueque",488,"Luca","Suco","Community",NA,NA
489,229,"TLS","Timor-Leste",13,"Viqueque",62,"Viqueque",489,"Maluru","Suco","Community",NA,"Beaco"
490,229,"TLS","Timor-Leste",13,"Viqueque",62,"Viqueque",490,"Uaimori","Suco","Community",NA,"Uai Mori"
491,229,"TLS","Timor-Leste",13,"Viqueque",62,"Viqueque",491,"Uma-Kiik","Suco","Community",NA,"Uma Kiik"
492,229,"TLS","Timor-Leste",13,"Viqueque",62,"Viqueque",492,"Uma Uain Leten","Suco","Community",NA,NA
493,229,"TLS","Timor-Leste",13,"Viqueque",62,"Viqueque",493,"Umauainkraik","Suco","Community",NA,"Uma Uain Craic"
